country,code,confirmed,active,recovered,deaths,cases_today,deaths_today,serious
Afghanistan,AF,4402,3724,558,120,369,5,7
Albania,AL,868,187,650,31,12,0,7
Algeria,DZ,5723,2543,2678,502,165,8,22
Angola,AO,43,28,13,2,0,0,0
Argentina,AR,5776,3719,1757,300,0,0,148
Armenia,AM,3313,1943,1325,45,138,1,10
Australia,AU,6941,681,6163,97,12,0,17
Austria,AT,15871,1262,13991,618,38,3,72
Azerbaijan,AZ,2422,771,1620,31,0,0,29
Bahamas,BS,92,44,37,11,0,0,1
Bangladesh,BD,14657,11779,2650,228,887,14,1
Belarus,BY,22973,16436,6406,131,921,5,92
Belgium,BE,53081,30783,13642,8656,485,75,476
Belize,BZ,18,2,14,2,0,0,1
Benin,BJ,319,255,62,2,35,0,0
Bhutan,BT,7,2,5,0,0,0,0
Bolivia,BO,2437,2065,258,114,171,8,3
Bosnia and Herzegovina,BA,2117,904,1106,107,27,5,4
Botswana,BW,23,10,12,1,0,0,0
Brazil,BR,156604,84222,61685,10697,543,41,8318
Brunei Darussalam,BN,141,6,134,1,0,0,2
Bulgaria,BG,1965,1430,444,91,44,1,58
Burkina Faso,BF,748,131,569,48,0,0,0
Burundi,BI,15,7,7,1,0,0,0
Cambodia,KH,122,2,120,0,0,0,1
Cameroon,CM,2579,1000,1465,114,305,6,28
Canada,CA,67702,31760,31249,4693,0,0,502
Central African Republic,CF,1,0,0,0,0,0,0
Chad,TD,322,238,53,31,0,0,0
Chile,CL,27219,14248,12667,304,0,0,544
China,CN,82901,148,78120,4633,14,0,13
Colombia,CO,10495,7481,2569,445,0,0,130
Congo,CG,274,231,33,10,0,0,0
Democratic Republic of Congo,CD,0,0,0,0,0,0,0
Costa Rica,CR,780,294,480,6,0,0,6
Ivory Coast,CI,1667,877,769,21,0,0,0
Croatia,HR,2187,333,1764,90,11,3,13
Cuba,CU,1754,540,1140,74,0,0,8
Cyprus,CY,898,482,401,15,6,0,10
Czechia,CZ,8106,3361,4466,279,11,3,40
Denmark,DK,10429,1683,8217,529,110,3,40
Djibouti,DJ,1189,352,834,3,0,0,0
Dominican Republic,DO,10347,7196,2763,388,465,3,134
Ecuador,EC,29071,23921,3433,1717,0,0,181
Egypt,EG,9400,6800,2075,525,436,11,41
El Salvador,SV,889,579,293,17,105,0,4
Equatorial Guinea,GQ,439,422,13,4,0,0,0
Eritrea,ER,39,2,37,0,0,0,0
Estonia,EE,1739,929,750,60,6,0,5
Ethiopia,ET,239,135,99,5,29,0,1
Falkland Islands,FK,13,2,11,0,0,0,0
Fiji,FJ,18,4,14,0,0,0,0
Finland,FI,5962,1695,4000,267,82,2,45
France,FR,176658,94310,56038,26310,0,0,2812
French Guiana,GF,144,21,122,1,3,0,0
French Southern Territories,TF,0,0,0,0,0,0,0
Gabon,GA,661,543,110,8,0,0,1
Gambia,GM,20,10,9,1,0,0,0
Georgia,GE,635,316,309,10,9,0,6
Germany,DE,171639,19690,144400,7549,315,0,1650
Ghana,GH,4263,3863,378,22,0,0,5
Greece,GR,2716,1191,1374,151,6,0,30
Greenland,GL,11,1,10,0,0,0,0
Guatemala,GT,967,839,104,24,67,0,5
Guinea,GN,2042,1333,698,11,0,0,0
Guinea-Bissau,GW,726,697,26,3,85,0,0
Guyana,GY,97,52,35,10,3,0,5
Haiti,HT,151,122,17,12,0,0,0
Honduras,HN,1830,1527,195,108,59,1,10
Hungary,HU,3263,1917,933,413,50,8,50
Iceland,IS,1801,18,1773,10,0,0,0
India,IN,65021,43203,19665,2153,2213,52,0
Indonesia,ID,14032,10361,2698,973,387,14,0
Iraq,IQ,2767,924,1734,109,88,2,0
Ireland,IE,22760,4204,17110,1446,0,0,72
Israel,IL,16458,4826,11384,248,4,1,74
Italy,IT,219070,83324,105186,30560,802,165,1027
Jamaica,JM,498,411,78,9,8,0,0
Japan,JP,15663,9150,5906,607,0,0,287
Jordan,JO,522,126,387,9,0,0,5
Kazakhstan,KZ,5076,3144,1901,31,101,0,31
Kenya,KE,672,401,239,32,23,2,1
Korea,KP,0,0,0,0,0,0,0
South Korea,KR,6593,0,135,42,0,0,0
Kuwait,KW,8688,5901,2729,58,1065,9,114
Kyrgyzstan,KG,1002,315,675,12,71,0,13
Lao,LA,0,0,0,0,0,0,0
Latvia,LV,939,457,464,18,9,0,2
Lebanon,LB,845,585,234,26,36,0,4
Lesotho,LS,0,0,0,0,0,0,0
Liberia,LR,199,100,79,20,0,0,0
Libya,LY,64,37,24,3,0,0,0
Lithuania,LT,1479,601,828,50,35,1,17
Luxembourg,LU,3886,199,3586,101,9,0,14
Macedonia,MK,1642,415,1136,91,20,0,21
Madagascar,MG,193,92,101,0,0,0,1
Malawi,MW,56,39,14,3,0,0,1
Malaysia,MY,6656,1523,5025,108,67,0,18
Mali,ML,692,357,298,37,0,0,0
Mauritania,MR,8,1,6,1,0,0,0
Mexico,MX,33460,8283,21824,3353,1938,193,378
Moldova,MD,4867,2781,1925,161,0,0,237
Mongolia,MN,42,28,14,0,0,0,0
Montenegro,ME,324,41,274,9,0,1,2
Morocco,MA,6038,3305,2545,188,128,2,1
Mozambique,MZ,91,57,34,0,4,0,0
Myanmar,MM,180,102,72,6,2,0,0
Namibia,NA,16,5,11,0,0,0,0
Nepal,NP,110,79,31,0,1,0,0
Netherlands,NL,42627,36937,0,5440,245,18,507
New Caledonia,NC,18,1,17,0,0,0,1
New Zealand,NZ,1494,102,1371,21,2,0,2
Nicaragua,NI,16,4,7,5,0,0,0
Niger,NE,815,153,617,45,0,0,0
Nigeria,NG,4151,3278,745,128,0,0,4
Norway,NO,8102,7851,32,219,3,0,22
Oman,OM,3399,2265,1117,17,175,0,17
Pakistan,PK,29465,20803,8023,639,729,3,111
Palestine,PS,375,110,263,2,0,0,0
Panama,PA,8282,3544,4501,237,212,6,85
Papua New Guinea,PG,8,2,6,0,0,0,0
Paraguay,PY,689,524,155,10,0,0,9
Peru,PE,65015,42955,20246,1814,0,0,748
Philippines,PH,10794,8151,1924,719,184,15,31
Poland,PL,15996,9498,5698,800,345,15,160
Portugal,PT,27581,23897,2549,1135,175,9,112
Puerto Rico,PR,39,36,1,2,0,0,0
Qatar,QA,22520,19753,2753,14,1189,1,72
Republic of Kosovo,XK,0,0,0,0,0,0,0
Romania,RO,15362,7350,7051,961,231,22,242
Rwanda,RW,280,140,140,0,0,0,0
Saudi Arabia,SA,39048,27345,11457,246,1912,7,140
Senegal,SN,1709,1041,650,18,75,1,6
Serbia,RS,10114,6893,3006,215,82,2,43
Sierra Leone,SL,307,222,67,18,16,0,0
Slovakia,SK,1457,490,941,26,2,0,5
Slovenia,SI,1457,1099,256,102,3,1,10
Solomon Islands,SB,0,0,0,0,0,0,0
Somalia,SO,1054,885,118,51,57,3,2
South Africa,ZA,9420,5251,3983,186,0,0,77
South Sudan,SS,120,118,2,0,0,0,0
Spain,ES,264663,61603,176439,26621,1880,143,1650
Sri Lanka,LK,855,525,321,9,8,0,1
Sudan,SD,1164,981,119,64,0,0,0
Suriname,SR,10,1,8,1,0,0,0
Svalbard and Jan Mayen,SJ,0,0,0,0,0,0,0
Swaziland,SZ,0,0,0,0,0,0,0
Sweden,SE,26322,18126,4971,3225,401,5,360
Switzerland,CH,30305,2075,26400,1830,54,0,101
Syrian Arab Republic,SY,0,0,0,0,0,0,0
Taiwan,TW,440,68,366,6,0,0,0
Tajikistan,TJ,612,592,0,20,0,0,0
Tanzania,TZ,509,305,183,21,0,0,7
Thailand,TH,3009,159,2794,56,5,0,61
Timor-Leste,TL,24,3,21,0,0,0,0
Togo,TG,153,56,87,10,0,0,0
Trinidad and Tobago,TT,116,1,107,8,0,0,0
Tunisia,TN,1032,327,660,45,0,0,19
Turkey,TR,137115,43896,89480,3739,0,0,1168
Turkmenistan,TM,0,0,0,0,0,0,0
Uganda,UG,116,61,55,0,0,0,0
Ukraine,UA,15232,11781,3060,391,522,15,201
United Kingdom,GB,219183,186984,0,31855,3923,268,1559
USA,US,1351272,1032978,238148,80146,3963,109,16816
Uruguay,UY,702,171,513,18,0,0,8
Uzbekistan,UZ,2411,520,1881,10,62,0,8
Vanuatu,VU,0,0,0,0,0,0,0
Venezuela,VE,402,202,190,10,0,0,1
Western Sahara,EH,6,1,5,0,0,0,0
Yemen,YE,34,26,1,7,0,0,0
Zambia,ZM,267,143,117,7,15,0,1
Zimbabwe,ZW,36,23,9,4,1,0,0
Singapore,SG,23336,21020,2296,20,876,0,23
Hong Kong,HK,1048,62,982,4,3,0,1
DR Congo,CD,0,0,0,0,0,0,0
Kosovo,XK,0,0,0,0,0,0,0
Diamond Princess,DP,712,54,645,13,0,0,4
Iran,IR,107603,14820,86143,6640,1383,51,2675
North Korea,KP,0,0,0,0,0,0,0
Russia,RU,209688,173467,34306,1915,11012,88,2300
UAE,AE,18198,13196,4804,198,781,13,1
Vietnam,VN,288,47,241,0,0,0,8
World,W,4124147,2394448,1441552,281136,43561,1443,47287
